"sampleCombined","n","genes.cell"
"SF11159",2915,11.1495711835334
"SF11209",7363,4.41409751460003
"SF11215",2940,11.0547619047619
"SF11232",4444,7.31345634563456
"SF11247",5279,6.1566584580413
"SF11285",13617,2.38679591686862
"SRR10353960",4719,6.88726425090061
"SRR10353961",4404,7.37988192552225
"SRR10353962",3989,8.14765605414891
