integrated_snn_res.0.3,bhaduriCNV,n,perc
0,1,4627,0.527293447
0,0,4148,0.472706553
1,0,5027,0.589055543
1,1,3507,0.410944457
2,0,6064,0.749567367
2,1,2026,0.250432633
3,0,6165,0.87372449
3,1,891,0.12627551
4,0,4971,0.994597839
4,1,27,0.005402161
5,0,3075,0.695543995
5,1,1346,0.304456005
6,0,2182,0.931284678
6,1,161,0.068715322
7,0,2020,0.985846755
7,1,29,0.014153245
8,0,1146,0.626229508
8,1,684,0.373770492
9,1,786,0.677002584
9,0,375,0.322997416
10,0,400,0.968523002
10,1,13,0.031476998
